PassengerId,Survived,Pclass,Sex,Age,SibSp,Parch,Fare,Embarked,Title,FamilySize,IsAlone,FamilyBucket,TicketGroupSize,FarePerPerson,Deck
1,0,3,male,22.0,1,0,7.25,S,Mr,2,0,small,1,7.25,U
2,1,1,female,38.0,1,0,71.2833,C,Mrs,2,0,small,2,35.64165,C
3,1,3,female,26.0,0,0,7.925,S,Miss,1,1,alone,1,7.925,U
4,1,1,female,35.0,1,0,53.1,S,Mrs,2,0,small,2,26.55,C
5,0,3,male,35.0,0,0,8.05,S,Mr,1,1,alone,1,8.05,U
6,0,3,male,30.0,0,0,8.4583,Q,Mr,1,1,alone,1,8.4583,U
7,0,1,male,54.0,0,0,51.8625,S,Mr,1,1,alone,2,25.93125,E
8,0,3,male,2.0,3,1,21.075,S,Master,5,0,large,5,4.215,U
9,1,3,female,27.0,0,2,11.1333,S,Mrs,3,0,small,3,3.7111,U
10,1,2,female,14.0,1,0,30.0708,C,Mrs,2,0,small,2,15.0354,U
11,1,3,female,4.0,1,1,16.7,S,Miss,3,0,small,3,5.566666666666666,G
12,1,1,female,58.0,0,0,26.55,S,Miss,1,1,alone,1,26.55,C
13,0,3,male,20.0,0,0,8.05,S,Mr,1,1,alone,1,8.05,U
14,0,3,male,39.0,1,5,31.275,S,Mr,7,0,large,7,4.4678571428571425,U
15,0,3,female,14.0,0,0,7.8542,S,Miss,1,1,alone,1,7.8542,U
16,1,2,female,55.0,0,0,16.0,S,Mrs,1,1,alone,1,16.0,U
17,0,3,male,2.0,4,1,29.125,Q,Master,6,0,large,6,4.854166666666667,U
18,1,2,male,30.0,0,0,13.0,S,Mr,1,1,alone,1,13.0,U
19,0,3,female,31.0,1,0,18.0,S,Mrs,2,0,small,2,9.0,U
20,1,3,female,35.0,0,0,7.225,C,Mrs,1,1,alone,1,7.225,U
21,0,2,male,35.0,0,0,26.0,S,Mr,1,1,alone,2,13.0,U
22,1,2,male,34.0,0,0,13.0,S,Mr,1,1,alone,1,13.0,D
23,1,3,female,15.0,0,0,8.0292,Q,Miss,1,1,alone,1,8.0292,U
24,1,1,male,28.0,0,0,35.5,S,Mr,1,1,alone,1,35.5,A
25,0,3,female,8.0,3,1,21.075,S,Miss,5,0,large,5,4.215,U
26,1,3,female,38.0,1,5,31.3875,S,Mrs,7,0,large,7,4.483928571428572,U
27,0,3,male,30.0,0,0,7.225,C,Mr,1,1,alone,1,7.225,U
28,0,1,male,19.0,3,2,263.0,S,Mr,6,0,large,6,43.833333333333336,C
29,1,3,female,21.0,0,0,7.8792,Q,Miss,1,1,alone,1,7.8792,U
30,0,3,male,30.0,0,0,7.8958,S,Mr,1,1,alone,1,7.8958,U
31,0,1,male,40.0,0,0,27.7208,C,Rare,1,1,alone,1,27.7208,U
32,1,1,female,35.0,1,0,146.5208,C,Mrs,2,0,small,3,48.84026666666667,B
33,1,3,female,21.0,0,0,7.75,Q,Miss,1,1,alone,1,7.75,U
34,0,2,male,66.0,0,0,10.5,S,Mr,1,1,alone,1,10.5,U
35,0,1,male,28.0,1,0,82.1708,C,Mr,2,0,small,2,41.0854,U
36,0,1,male,42.0,1,0,52.0,S,Mr,2,0,small,2,26.0,U
37,1,3,male,30.0,0,0,7.2292,C,Mr,1,1,alone,1,7.2292,U
38,0,3,male,21.0,0,0,8.05,S,Mr,1,1,alone,1,8.05,U
39,0,3,female,18.0,2,0,18.0,S,Miss,3,0,small,2,9.0,U
40,1,3,female,14.0,1,0,11.2417,C,Miss,2,0,small,2,5.62085,U
41,0,3,female,40.0,1,0,9.475,S,Mrs,2,0,small,1,9.475,U
42,0,2,female,27.0,1,0,21.0,S,Mrs,2,0,small,2,10.5,U
43,0,3,male,30.0,0,0,7.8958,C,Mr,1,1,alone,1,7.8958,U
44,1,2,female,3.0,1,2,41.5792,C,Miss,4,0,small,4,10.3948,U
45,1,3,female,19.0,0,0,7.8792,Q,Miss,1,1,alone,1,7.8792,U
46,0,3,male,30.0,0,0,8.05,S,Mr,1,1,alone,1,8.05,U
47,0,3,male,30.0,1,0,15.5,Q,Mr,2,0,small,2,7.75,U
48,1,3,female,21.0,0,0,7.75,Q,Miss,1,1,alone,1,7.75,U
49,0,3,male,30.0,2,0,21.6792,C,Mr,3,0,small,3,7.226400000000001,U
50,0,3,female,18.0,1,0,17.8,S,Mrs,2,0,small,2,8.9,U
51,0,3,male,7.0,4,1,39.6875,S,Master,6,0,large,7,5.669642857142857,U
52,0,3,male,21.0,0,0,7.8,S,Mr,1,1,alone,1,7.8,U
53,1,1,female,49.0,1,0,76.7292,C,Mrs,2,0,small,3,25.576400000000003,D
54,1,2,female,29.0,1,0,26.0,S,Mrs,2,0,small,2,13.0,U
55,0,1,male,65.0,0,1,61.9792,C,Mr,2,0,small,2,30.9896,B
56,1,1,male,30.0,0,0,35.5,S,Mr,1,1,alone,1,35.5,C
57,1,2,female,21.0,0,0,10.5,S,Miss,1,1,alone,1,10.5,U
58,0,3,male,28.5,0,0,7.2292,C,Mr,1,1,alone,1,7.2292,U
59,1,2,female,5.0,1,2,27.75,S,Miss,4,0,small,4,6.9375,U
60,0,3,male,11.0,5,2,46.9,S,Master,8,0,large,8,5.8625,U
61,0,3,male,22.0,0,0,7.2292,C,Mr,1,1,alone,1,7.2292,U
62,1,1,female,38.0,0,0,80.0,S,Miss,1,1,alone,2,40.0,B
63,0,1,male,45.0,1,0,83.475,S,Mr,2,0,small,2,41.7375,C
64,0,3,male,4.0,3,2,27.9,S,Master,6,0,large,6,4.6499999999999995,U
65,0,1,male,30.0,0,0,27.7208,C,Mr,1,1,alone,1,27.7208,U
66,1,3,male,3.5,1,1,15.2458,C,Master,3,0,small,3,5.081933333333333,U
67,1,2,female,29.0,0,0,10.5,S,Mrs,1,1,alone,1,10.5,F
68,0,3,male,19.0,0,0,8.1583,S,Mr,1,1,alone,1,8.1583,U
69,1,3,female,17.0,4,2,7.925,S,Miss,7,0,large,1,7.925,U
70,0,3,male,26.0,2,0,8.6625,S,Mr,3,0,small,1,8.6625,U
71,0,2,male,32.0,0,0,10.5,S,Mr,1,1,alone,1,10.5,U
72,0,3,female,16.0,5,2,46.9,S,Miss,8,0,large,8,5.8625,U
73,0,2,male,21.0,0,0,73.5,S,Mr,1,1,alone,7,10.5,U
74,0,3,male,26.0,1,0,14.4542,C,Mr,2,0,small,2,7.2271,U
75,1,3,male,32.0,0,0,56.4958,S,Mr,1,1,alone,8,7.061975,U
76,0,3,male,25.0,0,0,7.65,S,Mr,1,1,alone,1,7.65,F
77,0,3,male,30.0,0,0,7.8958,S,Mr,1,1,alone,1,7.8958,U
78,0,3,male,30.0,0,0,8.05,S,Mr,1,1,alone,1,8.05,U
79,1,2,male,0.83,0,2,29.0,S,Master,3,0,small,3,9.666666666666666,U
80,1,3,female,30.0,0,0,12.475,S,Miss,1,1,alone,2,6.2375,U
81,0,3,male,22.0,0,0,9.0,S,Mr,1,1,alone,1,9.0,U
82,1,3,male,29.0,0,0,9.5,S,Mr,1,1,alone,1,9.5,U
83,1,3,female,21.0,0,0,7.7875,Q,Miss,1,1,alone,1,7.7875,U
84,0,1,male,28.0,0,0,47.1,S,Mr,1,1,alone,2,23.55,U
85,1,2,female,17.0,0,0,10.5,S,Miss,1,1,alone,1,10.5,U
86,1,3,female,33.0,3,0,15.85,S,Mrs,4,0,small,2,7.925,U
87,0,3,male,16.0,1,3,34.375,S,Mr,5,0,large,5,6.875,U
88,0,3,male,30.0,0,0,8.05,S,Mr,1,1,alone,1,8.05,U
89,1,1,female,23.0,3,2,263.0,S,Miss,6,0,large,6,43.833333333333336,C
90,0,3,male,24.0,0,0,8.05,S,Mr,1,1,alone,1,8.05,U
91,0,3,male,29.0,0,0,8.05,S,Mr,1,1,alone,1,8.05,U
92,0,3,male,20.0,0,0,7.8542,S,Mr,1,1,alone,1,7.8542,U
93,0,1,male,46.0,1,0,61.175,S,Mr,2,0,small,2,30.5875,E
94,0,3,male,26.0,1,2,20.575,S,Mr,4,0,small,4,5.14375,U
95,0,3,male,59.0,0,0,7.25,S,Mr,1,1,alone,1,7.25,U
96,0,3,male,30.0,0,0,8.05,S,Mr,1,1,alone,1,8.05,U
97,0,1,male,71.0,0,0,34.6542,C,Mr,1,1,alone,1,34.6542,A
98,1,1,male,23.0,0,1,63.3583,C,Mr,2,0,small,2,31.67915,D
99,1,2,female,34.0,0,1,23.0,S,Mrs,2,0,small,2,11.5,U
100,0,2,male,34.0,1,0,26.0,S,Mr,2,0,small,2,13.0,U
101,0,3,female,28.0,0,0,7.8958,S,Miss,1,1,alone,1,7.8958,U
102,0,3,male,30.0,0,0,7.8958,S,Mr,1,1,alone,1,7.8958,U
103,0,1,male,21.0,0,1,77.2875,S,Mr,2,0,small,2,38.64375,D
104,0,3,male,33.0,0,0,8.6542,S,Mr,1,1,alone,1,8.6542,U
105,0,3,male,37.0,2,0,7.925,S,Mr,3,0,small,1,7.925,U
106,0,3,male,28.0,0,0,7.8958,S,Mr,1,1,alone,1,7.8958,U
107,1,3,female,21.0,0,0,7.65,S,Miss,1,1,alone,1,7.65,U
108,1,3,male,30.0,0,0,7.775,S,Mr,1,1,alone,1,7.775,U
109,0,3,male,38.0,0,0,7.8958,S,Mr,1,1,alone,1,7.8958,U
110,1,3,female,21.0,1,0,24.15,Q,Miss,2,0,small,3,8.049999999999999,U
111,0,1,male,47.0,0,0,52.0,S,Mr,1,1,alone,2,26.0,C
112,0,3,female,14.5,1,0,14.4542,C,Miss,2,0,small,2,7.2271,U
113,0,3,male,22.0,0,0,8.05,S,Mr,1,1,alone,1,8.05,U
114,0,3,female,20.0,1,0,9.825,S,Miss,2,0,small,1,9.825,U
115,0,3,female,17.0,0,0,14.4583,C,Miss,1,1,alone,2,7.22915,U
116,0,3,male,21.0,0,0,7.925,S,Mr,1,1,alone,1,7.925,U
117,0,3,male,70.5,0,0,7.75,Q,Mr,1,1,alone,1,7.75,U
118,0,2,male,29.0,1,0,21.0,S,Mr,2,0,small,2,10.5,U
119,0,1,male,24.0,0,1,247.5208,C,Mr,2,0,small,3,82.50693333333334,B
120,0,3,female,2.0,4,2,31.275,S,Miss,7,0,large,7,4.4678571428571425,U
121,0,2,male,21.0,2,0,73.5,S,Mr,3,0,small,7,10.5,U
122,0,3,male,30.0,0,0,8.05,S,Mr,1,1,alone,1,8.05,U
123,0,2,male,32.5,1,0,30.0708,C,Mr,2,0,small,2,15.0354,U
124,1,2,female,32.5,0,0,13.0,S,Miss,1,1,alone,1,13.0,E
125,0,1,male,54.0,0,1,77.2875,S,Mr,2,0,small,2,38.64375,D
126,1,3,male,12.0,1,0,11.2417,C,Master,2,0,small,2,5.62085,U
127,0,3,male,30.0,0,0,7.75,Q,Mr,1,1,alone,1,7.75,U
128,1,3,male,24.0,0,0,7.1417,S,Mr,1,1,alone,1,7.1417,U
129,1,3,female,21.0,1,1,22.3583,C,Miss,3,0,small,3,7.452766666666666,F
130,0,3,male,45.0,0,0,6.975,S,Mr,1,1,alone,1,6.975,U
131,0,3,male,33.0,0,0,7.8958,C,Mr,1,1,alone,1,7.8958,U
132,0,3,male,20.0,0,0,7.05,S,Mr,1,1,alone,1,7.05,U
133,0,3,female,47.0,1,0,14.5,S,Mrs,2,0,small,2,7.25,U
134,1,2,female,29.0,1,0,26.0,S,Mrs,2,0,small,2,13.0,U
135,0,2,male,25.0,0,0,13.0,S,Mr,1,1,alone,1,13.0,U
136,0,2,male,23.0,0,0,15.0458,C,Mr,1,1,alone,1,15.0458,U
137,1,1,female,19.0,0,2,26.2833,S,Miss,3,0,small,1,26.2833,D
138,0,1,male,37.0,1,0,53.1,S,Mr,2,0,small,2,26.55,C
139,0,3,male,16.0,0,0,9.2167,S,Mr,1,1,alone,2,4.60835,U
140,0,1,male,24.0,0,0,79.2,C,Mr,1,1,alone,2,39.6,B
141,0,3,female,35.0,0,2,15.2458,C,Mrs,3,0,small,3,5.081933333333333,U
142,1,3,female,22.0,0,0,7.75,S,Miss,1,1,alone,1,7.75,U
143,1,3,female,24.0,1,0,15.85,S,Mrs,2,0,small,2,7.925,U
144,0,3,male,19.0,0,0,6.75,Q,Mr,1,1,alone,1,6.75,U
145,0,2,male,18.0,0,0,11.5,S,Mr,1,1,alone,1,11.5,U
146,0,2,male,19.0,1,1,36.75,S,Mr,3,0,small,4,9.1875,U
147,1,3,male,27.0,0,0,7.7958,S,Mr,1,1,alone,1,7.7958,U
148,0,3,female,9.0,2,2,34.375,S,Miss,5,0,large,5,6.875,U
149,0,2,male,36.5,0,2,26.0,S,Mr,3,0,small,3,8.666666666666666,F
150,0,2,male,42.0,0,0,13.0,S,Rare,1,1,alone,1,13.0,U
151,0,2,male,51.0,0,0,12.525,S,Rare,1,1,alone,1,12.525,U
152,1,1,female,22.0,1,0,66.6,S,Mrs,2,0,small,2,33.3,C
153,0,3,male,55.5,0,0,8.05,S,Mr,1,1,alone,1,8.05,U
154,0,3,male,40.5,0,2,14.5,S,Mr,3,0,small,3,4.833333333333333,U
155,0,3,male,30.0,0,0,7.3125,S,Mr,1,1,alone,1,7.3125,U
156,0,1,male,51.0,0,1,61.3792,C,Mr,2,0,small,2,30.6896,U
157,1,3,female,16.0,0,0,7.7333,Q,Miss,1,1,alone,1,7.7333,U
158,0,3,male,30.0,0,0,8.05,S,Mr,1,1,alone,1,8.05,U
159,0,3,male,30.0,0,0,8.6625,S,Mr,1,1,alone,1,8.6625,U
160,0,3,male,3.5,8,2,69.55,S,Master,11,0,large,11,6.322727272727272,U
161,0,3,male,44.0,0,1,16.1,S,Mr,2,0,small,2,8.05,U
162,1,2,female,40.0,0,0,15.75,S,Mrs,1,1,alone,2,7.875,U
163,0,3,male,26.0,0,0,7.775,S,Mr,1,1,alone,1,7.775,U
164,0,3,male,17.0,0,0,8.6625,S,Mr,1,1,alone,1,8.6625,U
165,0,3,male,1.0,4,1,39.6875,S,Master,6,0,large,7,5.669642857142857,U
166,1,3,male,9.0,0,2,20.525,S,Master,3,0,small,3,6.841666666666666,U
167,1,1,female,35.0,0,1,55.0,S,Mrs,2,0,small,2,27.5,E
168,0,3,female,45.0,1,4,27.9,S,Mrs,6,0,large,6,4.6499999999999995,U
169,0,1,male,30.0,0,0,25.925,S,Mr,1,1,alone,1,25.925,U
170,0,3,male,28.0,0,0,56.4958,S,Mr,1,1,alone,8,7.061975,U
171,0,1,male,61.0,0,0,33.5,S,Mr,1,1,alone,1,33.5,B
172,0,3,male,4.0,4,1,29.125,Q,Master,6,0,large,6,4.854166666666667,U
173,1,3,female,1.0,1,1,11.1333,S,Miss,3,0,small,3,3.7111,U
174,0,3,male,21.0,0,0,7.925,S,Mr,1,1,alone,1,7.925,U
175,0,1,male,56.0,0,0,30.6958,C,Mr,1,1,alone,1,30.6958,A
176,0,3,male,18.0,1,1,7.8542,S,Mr,3,0,small,1,7.8542,U
177,0,3,male,3.5,3,1,25.4667,S,Master,5,0,large,5,5.0933399999999995,U
178,0,1,female,50.0,0,0,28.7125,C,Miss,1,1,alone,1,28.7125,C
179,0,2,male,30.0,0,0,13.0,S,Mr,1,1,alone,1,13.0,U
180,0,3,male,36.0,0,0,0.0,S,Mr,1,1,alone,4,0.0,U
181,0,3,female,21.0,8,2,69.55,S,Miss,11,0,large,11,6.322727272727272,U
182,0,2,male,30.0,0,0,15.05,C,Mr,1,1,alone,1,15.05,U
183,0,3,male,9.0,4,2,31.3875,S,Master,7,0,large,7,4.483928571428572,U
184,1,2,male,1.0,2,1,39.0,S,Master,4,0,small,4,9.75,F
185,1,3,female,4.0,0,2,22.025,S,Miss,3,0,small,3,7.341666666666666,U
186,0,1,male,30.0,0,0,50.0,S,Mr,1,1,alone,1,50.0,A
187,1,3,female,35.0,1,0,15.5,Q,Mrs,2,0,small,2,7.75,U
188,1,1,male,45.0,0,0,26.55,S,Mr,1,1,alone,1,26.55,U
189,0,3,male,40.0,1,1,15.5,Q,Mr,3,0,small,2,7.75,U
190,0,3,male,36.0,0,0,7.8958,S,Mr,1,1,alone,1,7.8958,U
191,1,2,female,32.0,0,0,13.0,S,Mrs,1,1,alone,1,13.0,U
192,0,2,male,19.0,0,0,13.0,S,Mr,1,1,alone,1,13.0,U
193,1,3,female,19.0,1,0,7.8542,S,Miss,2,0,small,1,7.8542,U
194,1,2,male,3.0,1,1,26.0,S,Master,3,0,small,3,8.666666666666666,F
195,1,1,female,44.0,0,0,27.7208,C,Mrs,1,1,alone,1,27.7208,B
196,1,1,female,58.0,0,0,146.5208,C,Miss,1,1,alone,3,48.84026666666667,B
197,0,3,male,30.0,0,0,7.75,Q,Mr,1,1,alone,1,7.75,U
198,0,3,male,42.0,0,1,8.4042,S,Mr,2,0,small,1,8.4042,U
199,1,3,female,21.0,0,0,7.75,Q,Miss,1,1,alone,1,7.75,U
200,0,2,female,24.0,0,0,13.0,S,Miss,1,1,alone,1,13.0,U
201,0,3,male,28.0,0,0,9.5,S,Mr,1,1,alone,1,9.5,U
202,0,3,male,30.0,8,2,69.55,S,Mr,11,0,large,11,6.322727272727272,U
203,0,3,male,34.0,0,0,6.4958,S,Mr,1,1,alone,1,6.4958,U
204,0,3,male,45.5,0,0,7.225,C,Mr,1,1,alone,1,7.225,U
205,1,3,male,18.0,0,0,8.05,S,Mr,1,1,alone,1,8.05,U
206,0,3,female,2.0,0,1,10.4625,S,Miss,2,0,small,2,5.23125,G
207,0,3,male,32.0,1,0,15.85,S,Mr,2,0,small,2,7.925,U
208,1,3,male,26.0,0,0,18.7875,C,Mr,1,1,alone,2,9.39375,U
209,1,3,female,16.0,0,0,7.75,Q,Miss,1,1,alone,1,7.75,U
210,1,1,male,40.0,0,0,31.0,C,Mr,1,1,alone,1,31.0,A
211,0,3,male,24.0,0,0,7.05,S,Mr,1,1,alone,1,7.05,U
212,1,2,female,35.0,0,0,21.0,S,Miss,1,1,alone,2,10.5,U
213,0,3,male,22.0,0,0,7.25,S,Mr,1,1,alone,1,7.25,U
214,0,2,male,30.0,0,0,13.0,S,Mr,1,1,alone,1,13.0,U
215,0,3,male,30.0,1,0,7.75,Q,Mr,2,0,small,1,7.75,U
216,1,1,female,31.0,1,0,113.275,C,Miss,2,0,small,3,37.75833333333333,D
217,1,3,female,27.0,0,0,7.925,S,Miss,1,1,alone,1,7.925,U
218,0,2,male,42.0,1,0,27.0,S,Mr,2,0,small,2,13.5,U
219,1,1,female,32.0,0,0,76.2917,C,Miss,1,1,alone,2,38.14585,D
220,0,2,male,30.0,0,0,10.5,S,Mr,1,1,alone,1,10.5,U
221,1,3,male,16.0,0,0,8.05,S,Mr,1,1,alone,1,8.05,U
222,0,2,male,27.0,0,0,13.0,S,Mr,1,1,alone,1,13.0,U
223,0,3,male,51.0,0,0,8.05,S,Mr,1,1,alone,1,8.05,U
224,0,3,male,30.0,0,0,7.8958,S,Mr,1,1,alone,1,7.8958,U
225,1,1,male,38.0,1,0,90.0,S,Mr,2,0,small,2,45.0,C
226,0,3,male,22.0,0,0,9.35,S,Mr,1,1,alone,1,9.35,U
227,1,2,male,19.0,0,0,10.5,S,Mr,1,1,alone,1,10.5,U
228,0,3,male,20.5,0,0,7.25,S,Mr,1,1,alone,1,7.25,U
229,0,2,male,18.0,0,0,13.0,S,Mr,1,1,alone,1,13.0,U
230,0,3,female,21.0,3,1,25.4667,S,Miss,5,0,large,5,5.0933399999999995,U
231,1,1,female,35.0,1,0,83.475,S,Mrs,2,0,small,2,41.7375,C
232,0,3,male,29.0,0,0,7.775,S,Mr,1,1,alone,1,7.775,U
233,0,2,male,59.0,0,0,13.5,S,Mr,1,1,alone,1,13.5,U
234,1,3,female,5.0,4,2,31.3875,S,Miss,7,0,large,7,4.483928571428572,U
235,0,2,male,24.0,0,0,10.5,S,Mr,1,1,alone,1,10.5,U
236,0,3,female,21.0,0,0,7.55,S,Miss,1,1,alone,1,7.55,U
237,0,2,male,44.0,1,0,26.0,S,Mr,2,0,small,2,13.0,U
238,1,2,female,8.0,0,2,26.25,S,Miss,3,0,small,3,8.75,U
239,0,2,male,19.0,0,0,10.5,S,Mr,1,1,alone,1,10.5,U
240,0,2,male,33.0,0,0,12.275,S,Mr,1,1,alone,1,12.275,U
241,0,3,female,21.0,1,0,14.4542,C,Miss,2,0,small,2,7.2271,U
242,1,3,female,21.0,1,0,15.5,Q,Miss,2,0,small,2,7.75,U
243,0,2,male,29.0,0,0,10.5,S,Mr,1,1,alone,1,10.5,U
244,0,3,male,22.0,0,0,7.125,S,Mr,1,1,alone,1,7.125,U
245,0,3,male,30.0,0,0,7.225,C,Mr,1,1,alone,1,7.225,U
246,0,1,male,44.0,2,0,90.0,Q,Rare,3,0,small,3,30.0,C
247,0,3,female,25.0,0,0,7.775,S,Miss,1,1,alone,1,7.775,U
248,1,2,female,24.0,0,2,14.5,S,Mrs,3,0,small,2,7.25,U
249,1,1,male,37.0,1,1,52.5542,S,Mr,3,0,small,2,26.2771,D
250,0,2,male,54.0,1,0,26.0,S,Rare,2,0,small,2,13.0,U
251,0,3,male,30.0,0,0,7.25,S,Mr,1,1,alone,1,7.25,U
252,0,3,female,29.0,1,1,10.4625,S,Mrs,3,0,small,2,5.23125,G
253,0,1,male,62.0,0,0,26.55,S,Mr,1,1,alone,1,26.55,C
254,0,3,male,30.0,1,0,16.1,S,Mr,2,0,small,2,8.05,U
255,0,3,female,41.0,0,2,20.2125,S,Mrs,3,0,small,3,6.7375,U
256,1,3,female,29.0,0,2,15.2458,C,Mrs,3,0,small,3,5.081933333333333,U
257,1,1,female,35.0,0,0,79.2,C,Mrs,1,1,alone,2,39.6,U
258,1,1,female,30.0,0,0,86.5,S,Miss,1,1,alone,3,28.833333333333332,B
259,1,1,female,35.0,0,0,512.3292,C,Miss,1,1,alone,4,128.0823,U
260,1,2,female,50.0,0,1,26.0,S,Mrs,2,0,small,2,13.0,U
261,0,3,male,30.0,0,0,7.75,Q,Mr,1,1,alone,1,7.75,U
262,1,3,male,3.0,4,2,31.3875,S,Master,7,0,large,7,4.483928571428572,U
263,0,1,male,52.0,1,1,79.65,S,Mr,3,0,small,3,26.55,E
264,0,1,male,40.0,0,0,0.0,S,Mr,1,1,alone,1,0.0,B
265,0,3,female,21.0,0,0,7.75,Q,Miss,1,1,alone,1,7.75,U
266,0,2,male,36.0,0,0,10.5,S,Mr,1,1,alone,1,10.5,U
267,0,3,male,16.0,4,1,39.6875,S,Mr,6,0,large,7,5.669642857142857,U
268,1,3,male,25.0,1,0,7.775,S,Mr,2,0,small,1,7.775,U
269,1,1,female,58.0,0,1,153.4625,S,Mrs,2,0,small,3,51.15416666666667,C
270,1,1,female,35.0,0,0,135.6333,S,Miss,1,1,alone,4,33.908325,C
271,0,1,male,30.0,0,0,31.0,S,Mr,1,1,alone,2,15.5,U
272,1,3,male,25.0,0,0,0.0,S,Mr,1,1,alone,4,0.0,U
273,1,2,female,41.0,0,1,19.5,S,Mrs,2,0,small,2,9.75,U
274,0,1,male,37.0,0,1,29.7,C,Mr,2,0,small,1,29.7,C
275,1,3,female,21.0,0,0,7.75,Q,Miss,1,1,alone,1,7.75,U
276,1,1,female,63.0,1,0,77.9583,S,Miss,2,0,small,3,25.986099999999997,D
277,0,3,female,45.0,0,0,7.75,S,Miss,1,1,alone,1,7.75,U
278,0,2,male,30.0,0,0,0.0,S,Mr,1,1,alone,3,0.0,U
279,0,3,male,7.0,4,1,29.125,Q,Master,6,0,large,6,4.854166666666667,U
280,1,3,female,35.0,1,1,20.25,S,Mrs,3,0,small,3,6.75,U
281,0,3,male,65.0,0,0,7.75,Q,Mr,1,1,alone,1,7.75,U
282,0,3,male,28.0,0,0,7.8542,S,Mr,1,1,alone,1,7.8542,U
283,0,3,male,16.0,0,0,9.5,S,Mr,1,1,alone,1,9.5,U
284,1,3,male,19.0,0,0,8.05,S,Mr,1,1,alone,1,8.05,U
285,0,1,male,30.0,0,0,26.0,S,Mr,1,1,alone,1,26.0,A
286,0,3,male,33.0,0,0,8.6625,C,Mr,1,1,alone,1,8.6625,U
287,1,3,male,30.0,0,0,9.5,S,Mr,1,1,alone,1,9.5,U
288,0,3,male,22.0,0,0,7.8958,S,Mr,1,1,alone,1,7.8958,U
289,1,2,male,42.0,0,0,13.0,S,Mr,1,1,alone,1,13.0,U
290,1,3,female,22.0,0,0,7.75,Q,Miss,1,1,alone,1,7.75,U
291,1,1,female,26.0,0,0,78.85,S,Miss,1,1,alone,3,26.28333333333333,U
292,1,1,female,19.0,1,0,91.0792,C,Mrs,2,0,small,2,45.5396,B
293,0,2,male,36.0,0,0,12.875,C,Mr,1,1,alone,1,12.875,D
294,0,3,female,24.0,0,0,8.85,S,Miss,1,1,alone,1,8.85,U
295,0,3,male,24.0,0,0,7.8958,S,Mr,1,1,alone,1,7.8958,U
296,0,1,male,30.0,0,0,27.7208,C,Mr,1,1,alone,1,27.7208,U
297,0,3,male,23.5,0,0,7.2292,C,Mr,1,1,alone,1,7.2292,U
298,0,1,female,2.0,1,2,151.55,S,Miss,4,0,small,6,25.258333333333336,C
299,1,1,male,30.0,0,0,30.5,S,Mr,1,1,alone,1,30.5,C
300,1,1,female,50.0,0,1,247.5208,C,Mrs,2,0,small,3,82.50693333333334,B
301,1,3,female,21.0,0,0,7.75,Q,Miss,1,1,alone,1,7.75,U
302,1,3,male,30.0,2,0,23.25,Q,Mr,3,0,small,3,7.75,U
303,0,3,male,19.0,0,0,0.0,S,Mr,1,1,alone,4,0.0,U
304,1,2,female,21.0,0,0,12.35,Q,Miss,1,1,alone,1,12.35,E
305,0,3,male,30.0,0,0,8.05,S,Mr,1,1,alone,1,8.05,U
306,1,1,male,0.92,1,2,151.55,S,Master,4,0,small,6,25.258333333333336,C
307,1,1,female,21.0,0,0,110.8833,C,Miss,1,1,alone,4,27.720825,U
308,1,1,female,17.0,1,0,108.9,C,Mrs,2,0,small,3,36.300000000000004,C
309,0,2,male,30.0,1,0,24.0,C,Mr,2,0,small,2,12.0,U
310,1,1,female,30.0,0,0,56.9292,C,Miss,1,1,alone,2,28.4646,E
311,1,1,female,24.0,0,0,83.1583,C,Miss,1,1,alone,3,27.71943333333333,C
312,1,1,female,18.0,2,2,262.375,C,Miss,5,0,large,7,37.482142857142854,B
313,0,2,female,26.0,1,1,26.0,S,Mrs,3,0,small,2,13.0,U
314,0,3,male,28.0,0,0,7.8958,S,Mr,1,1,alone,1,7.8958,U
315,0,2,male,43.0,1,1,26.25,S,Mr,3,0,small,3,8.75,U
316,1,3,female,26.0,0,0,7.8542,S,Miss,1,1,alone,1,7.8542,U
317,1,2,female,24.0,1,0,26.0,S,Mrs,2,0,small,2,13.0,U
318,0,2,male,54.0,0,0,14.0,S,Rare,1,1,alone,1,14.0,U
319,1,1,female,31.0,0,2,164.8667,S,Miss,3,0,small,4,41.216675,C
320,1,1,female,40.0,1,1,134.5,C,Mrs,3,0,small,5,26.9,E
321,0,3,male,22.0,0,0,7.25,S,Mr,1,1,alone,1,7.25,U
322,0,3,male,27.0,0,0,7.8958,S,Mr,1,1,alone,1,7.8958,U
323,1,2,female,30.0,0,0,12.35,Q,Miss,1,1,alone,1,12.35,U
324,1,2,female,22.0,1,1,29.0,S,Mrs,3,0,small,3,9.666666666666666,U
325,0,3,male,30.0,8,2,69.55,S,Mr,11,0,large,11,6.322727272727272,U
326,1,1,female,36.0,0,0,135.6333,C,Miss,1,1,alone,4,33.908325,C
327,0,3,male,61.0,0,0,6.2375,S,Mr,1,1,alone,1,6.2375,U
328,1,2,female,36.0,0,0,13.0,S,Mrs,1,1,alone,1,13.0,D
329,1,3,female,31.0,1,1,20.525,S,Mrs,3,0,small,3,6.841666666666666,U
330,1,1,female,16.0,0,1,57.9792,C,Miss,2,0,small,2,28.9896,B
331,1,3,female,21.0,2,0,23.25,Q,Miss,3,0,small,3,7.75,U
332,0,1,male,45.5,0,0,28.5,S,Mr,1,1,alone,1,28.5,C
333,0,1,male,38.0,0,1,153.4625,S,Mr,2,0,small,3,51.15416666666667,C
334,0,3,male,16.0,2,0,18.0,S,Mr,3,0,small,2,9.0,U
335,1,1,female,35.0,1,0,133.65,S,Mrs,2,0,small,2,66.825,U
336,0,3,male,30.0,0,0,7.8958,S,Mr,1,1,alone,1,7.8958,U
337,0,1,male,29.0,1,0,66.6,S,Mr,2,0,small,2,33.3,C
338,1,1,female,41.0,0,0,134.5,C,Miss,1,1,alone,5,26.9,E
339,1,3,male,45.0,0,0,8.05,S,Mr,1,1,alone,1,8.05,U
340,0,1,male,45.0,0,0,35.5,S,Mr,1,1,alone,1,35.5,T
341,1,2,male,2.0,1,1,26.0,S,Master,3,0,small,3,8.666666666666666,F
342,1,1,female,24.0,3,2,263.0,S,Miss,6,0,large,6,43.833333333333336,C
343,0,2,male,28.0,0,0,13.0,S,Mr,1,1,alone,1,13.0,U
344,0,2,male,25.0,0,0,13.0,S,Mr,1,1,alone,1,13.0,U
345,0,2,male,36.0,0,0,13.0,S,Mr,1,1,alone,1,13.0,U
346,1,2,female,24.0,0,0,13.0,S,Miss,1,1,alone,1,13.0,F
347,1,2,female,40.0,0,0,13.0,S,Miss,1,1,alone,1,13.0,U
348,1,3,female,35.0,1,0,16.1,S,Mrs,2,0,small,2,8.05,U
349,1,3,male,3.0,1,1,15.9,S,Master,3,0,small,3,5.3,U
350,0,3,male,42.0,0,0,8.6625,S,Mr,1,1,alone,1,8.6625,U
351,0,3,male,23.0,0,0,9.225,S,Mr,1,1,alone,1,9.225,U
352,0,1,male,30.0,0,0,35.0,S,Mr,1,1,alone,1,35.0,C
353,0,3,male,15.0,1,1,7.2292,C,Mr,3,0,small,1,7.2292,U
354,0,3,male,25.0,1,0,17.8,S,Mr,2,0,small,2,8.9,U
355,0,3,male,30.0,0,0,7.225,C,Mr,1,1,alone,1,7.225,U
356,0,3,male,28.0,0,0,9.5,S,Mr,1,1,alone,1,9.5,U
357,1,1,female,22.0,0,1,55.0,S,Miss,2,0,small,2,27.5,E
358,0,2,female,38.0,0,0,13.0,S,Miss,1,1,alone,1,13.0,U
359,1,3,female,21.0,0,0,7.8792,Q,Miss,1,1,alone,1,7.8792,U
360,1,3,female,21.0,0,0,7.8792,Q,Miss,1,1,alone,1,7.8792,U
361,0,3,male,40.0,1,4,27.9,S,Mr,6,0,large,6,4.6499999999999995,U
362,0,2,male,29.0,1,0,27.7208,C,Mr,2,0,small,2,13.8604,U
363,0,3,female,45.0,0,1,14.4542,C,Mrs,2,0,small,2,7.2271,U
364,0,3,male,35.0,0,0,7.05,S,Mr,1,1,alone,1,7.05,U
365,0,3,male,30.0,1,0,15.5,Q,Mr,2,0,small,2,7.75,U
366,0,3,male,30.0,0,0,7.25,S,Mr,1,1,alone,1,7.25,U
367,1,1,female,60.0,1,0,75.25,C,Mrs,2,0,small,2,37.625,D
368,1,3,female,35.0,0,0,7.2292,C,Mrs,1,1,alone,1,7.2292,U
369,1,3,female,21.0,0,0,7.75,Q,Miss,1,1,alone,1,7.75,U
370,1,1,female,24.0,0,0,69.3,C,Mrs,1,1,alone,2,34.65,B
371,1,1,male,25.0,1,0,55.4417,C,Mr,2,0,small,2,27.72085,E
372,0,3,male,18.0,1,0,6.4958,S,Mr,2,0,small,1,6.4958,U
373,0,3,male,19.0,0,0,8.05,S,Mr,1,1,alone,1,8.05,U
374,0,1,male,22.0,0,0,135.6333,C,Mr,1,1,alone,4,33.908325,U
375,0,3,female,3.0,3,1,21.075,S,Miss,5,0,large,5,4.215,U
376,1,1,female,35.0,1,0,82.1708,C,Mrs,2,0,small,2,41.0854,U
377,1,3,female,22.0,0,0,7.25,S,Miss,1,1,alone,1,7.25,U
378,0,1,male,27.0,0,2,211.5,C,Mr,3,0,small,5,42.3,C
379,0,3,male,20.0,0,0,4.0125,C,Mr,1,1,alone,1,4.0125,U
380,0,3,male,19.0,0,0,7.775,S,Mr,1,1,alone,1,7.775,U
381,1,1,female,42.0,0,0,227.525,C,Miss,1,1,alone,5,45.505,U
382,1,3,female,1.0,0,2,15.7417,C,Miss,3,0,small,3,5.247233333333333,U
383,0,3,male,32.0,0,0,7.925,S,Mr,1,1,alone,1,7.925,U
384,1,1,female,35.0,1,0,52.0,S,Mrs,2,0,small,2,26.0,U
385,0,3,male,30.0,0,0,7.8958,S,Mr,1,1,alone,1,7.8958,U
386,0,2,male,18.0,0,0,73.5,S,Mr,1,1,alone,7,10.5,U
387,0,3,male,1.0,5,2,46.9,S,Master,8,0,large,8,5.8625,U
388,1,2,female,36.0,0,0,13.0,S,Miss,1,1,alone,1,13.0,U
389,0,3,male,30.0,0,0,7.7292,Q,Mr,1,1,alone,1,7.7292,U
390,1,2,female,17.0,0,0,12.0,C,Miss,1,1,alone,1,12.0,U
391,1,1,male,36.0,1,2,120.0,S,Mr,4,0,small,4,30.0,B
392,1,3,male,21.0,0,0,7.7958,S,Mr,1,1,alone,1,7.7958,U
393,0,3,male,28.0,2,0,7.925,S,Mr,3,0,small,1,7.925,U
394,1,1,female,23.0,1,0,113.275,C,Miss,2,0,small,3,37.75833333333333,D
395,1,3,female,24.0,0,2,16.7,S,Mrs,3,0,small,3,5.566666666666666,G
396,0,3,male,22.0,0,0,7.7958,S,Mr,1,1,alone,1,7.7958,U
397,0,3,female,31.0,0,0,7.8542,S,Miss,1,1,alone,1,7.8542,U
398,0,2,male,46.0,0,0,26.0,S,Mr,1,1,alone,2,13.0,U
399,0,2,male,23.0,0,0,10.5,S,Rare,1,1,alone,1,10.5,U
400,1,2,female,28.0,0,0,12.65,S,Mrs,1,1,alone,1,12.65,U
401,1,3,male,39.0,0,0,7.925,S,Mr,1,1,alone,1,7.925,U
402,0,3,male,26.0,0,0,8.05,S,Mr,1,1,alone,1,8.05,U
403,0,3,female,21.0,1,0,9.825,S,Miss,2,0,small,1,9.825,U
404,0,3,male,28.0,1,0,15.85,S,Mr,2,0,small,2,7.925,U
405,0,3,female,20.0,0,0,8.6625,S,Miss,1,1,alone,1,8.6625,U
406,0,2,male,34.0,1,0,21.0,S,Mr,2,0,small,2,10.5,U
407,0,3,male,51.0,0,0,7.75,S,Mr,1,1,alone,1,7.75,U
408,1,2,male,3.0,1,1,18.75,S,Master,3,0,small,3,6.25,U
409,0,3,male,21.0,0,0,7.775,S,Mr,1,1,alone,1,7.775,U
410,0,3,female,21.0,3,1,25.4667,S,Miss,5,0,large,5,5.0933399999999995,U
411,0,3,male,30.0,0,0,7.8958,S,Mr,1,1,alone,1,7.8958,U
412,0,3,male,30.0,0,0,6.8583,Q,Mr,1,1,alone,1,6.8583,U
413,1,1,female,33.0,1,0,90.0,Q,Miss,2,0,small,3,30.0,C
414,0,2,male,30.0,0,0,0.0,S,Mr,1,1,alone,3,0.0,U
415,1,3,male,44.0,0,0,7.925,S,Mr,1,1,alone,1,7.925,U
416,0,3,female,35.0,0,0,8.05,S,Mrs,1,1,alone,1,8.05,U
417,1,2,female,34.0,1,1,32.5,S,Mrs,3,0,small,3,10.833333333333334,U
418,1,2,female,18.0,0,2,13.0,S,Miss,3,0,small,1,13.0,U
419,0,2,male,30.0,0,0,13.0,S,Mr,1,1,alone,1,13.0,U
420,0,3,female,10.0,0,2,24.15,S,Miss,3,0,small,3,8.049999999999999,U
421,0,3,male,30.0,0,0,7.8958,C,Mr,1,1,alone,1,7.8958,U
422,0,3,male,21.0,0,0,7.7333,Q,Mr,1,1,alone,1,7.7333,U
423,0,3,male,29.0,0,0,7.875,S,Mr,1,1,alone,1,7.875,U
424,0,3,female,28.0,1,1,14.4,S,Mrs,3,0,small,3,4.8,U
425,0,3,male,18.0,1,1,20.2125,S,Mr,3,0,small,3,6.7375,U
426,0,3,male,30.0,0,0,7.25,S,Mr,1,1,alone,1,7.25,U
427,1,2,female,28.0,1,0,26.0,S,Mrs,2,0,small,2,13.0,U
428,1,2,female,19.0,0,0,26.0,S,Miss,1,1,alone,2,13.0,U
429,0,3,male,30.0,0,0,7.75,Q,Mr,1,1,alone,1,7.75,U
430,1,3,male,32.0,0,0,8.05,S,Mr,1,1,alone,1,8.05,E
431,1,1,male,28.0,0,0,26.55,S,Mr,1,1,alone,1,26.55,C
432,1,3,female,35.0,1,0,16.1,S,Mrs,2,0,small,2,8.05,U
433,1,2,female,42.0,1,0,26.0,S,Mrs,2,0,small,2,13.0,U
434,0,3,male,17.0,0,0,7.125,S,Mr,1,1,alone,1,7.125,U
435,0,1,male,50.0,1,0,55.9,S,Mr,2,0,small,2,27.95,E
436,1,1,female,14.0,1,2,120.0,S,Miss,4,0,small,4,30.0,B
437,0,3,female,21.0,2,2,34.375,S,Miss,5,0,large,5,6.875,U
438,1,2,female,24.0,2,3,18.75,S,Mrs,6,0,large,3,6.25,U
439,0,1,male,64.0,1,4,263.0,S,Mr,6,0,large,6,43.833333333333336,C
440,0,2,male,31.0,0,0,10.5,S,Mr,1,1,alone,1,10.5,U
441,1,2,female,45.0,1,1,26.25,S,Mrs,3,0,small,3,8.75,U
442,0,3,male,20.0,0,0,9.5,S,Mr,1,1,alone,1,9.5,U
443,0,3,male,25.0,1,0,7.775,S,Mr,2,0,small,1,7.775,U
444,1,2,female,28.0,0,0,13.0,S,Miss,1,1,alone,1,13.0,U
445,1,3,male,30.0,0,0,8.1125,S,Mr,1,1,alone,1,8.1125,U
446,1,1,male,4.0,0,2,81.8583,S,Master,3,0,small,3,27.2861,A
447,1,2,female,13.0,0,1,19.5,S,Miss,2,0,small,2,9.75,U
448,1,1,male,34.0,0,0,26.55,S,Mr,1,1,alone,1,26.55,U
449,1,3,female,5.0,2,1,19.2583,C,Miss,4,0,small,4,4.814575,U
450,1,1,male,52.0,0,0,30.5,S,Rare,1,1,alone,1,30.5,C
451,0,2,male,36.0,1,2,27.75,S,Mr,4,0,small,4,6.9375,U
452,0,3,male,30.0,1,0,19.9667,S,Mr,2,0,small,1,19.9667,U
453,0,1,male,30.0,0,0,27.75,C,Mr,1,1,alone,1,27.75,C
454,1,1,male,49.0,1,0,89.1042,C,Mr,2,0,small,2,44.5521,C
455,0,3,male,30.0,0,0,8.05,S,Mr,1,1,alone,1,8.05,U
456,1,3,male,29.0,0,0,7.8958,C,Mr,1,1,alone,1,7.8958,U
457,0,1,male,65.0,0,0,26.55,S,Mr,1,1,alone,1,26.55,E
458,1,1,female,35.0,1,0,51.8625,S,Mrs,2,0,small,2,25.93125,D
459,1,2,female,50.0,0,0,10.5,S,Miss,1,1,alone,1,10.5,U
460,0,3,male,30.0,0,0,7.75,Q,Mr,1,1,alone,1,7.75,U
461,1,1,male,48.0,0,0,26.55,S,Mr,1,1,alone,1,26.55,E
462,0,3,male,34.0,0,0,8.05,S,Mr,1,1,alone,1,8.05,U
463,0,1,male,47.0,0,0,38.5,S,Mr,1,1,alone,1,38.5,E
464,0,2,male,48.0,0,0,13.0,S,Mr,1,1,alone,1,13.0,U
465,0,3,male,30.0,0,0,8.05,S,Mr,1,1,alone,1,8.05,U
466,0,3,male,38.0,0,0,7.05,S,Mr,1,1,alone,1,7.05,U
467,0,2,male,30.0,0,0,0.0,S,Mr,1,1,alone,3,0.0,U
468,0,1,male,56.0,0,0,26.55,S,Mr,1,1,alone,1,26.55,U
469,0,3,male,30.0,0,0,7.725,Q,Mr,1,1,alone,1,7.725,U
470,1,3,female,0.75,2,1,19.2583,C,Miss,4,0,small,4,4.814575,U
471,0,3,male,30.0,0,0,7.25,S,Mr,1,1,alone,1,7.25,U
472,0,3,male,38.0,0,0,8.6625,S,Mr,1,1,alone,1,8.6625,U
473,1,2,female,33.0,1,2,27.75,S,Mrs,4,0,small,4,6.9375,U
474,1,2,female,23.0,0,0,13.7917,C,Mrs,1,1,alone,1,13.7917,D
475,0,3,female,22.0,0,0,9.8375,S,Miss,1,1,alone,1,9.8375,U
476,0,1,male,30.0,0,0,52.0,S,Mr,1,1,alone,2,26.0,A
477,0,2,male,34.0,1,0,21.0,S,Mr,2,0,small,2,10.5,U
478,0,3,male,29.0,1,0,7.0458,S,Mr,2,0,small,1,7.0458,U
479,0,3,male,22.0,0,0,7.5208,S,Mr,1,1,alone,1,7.5208,U
480,1,3,female,2.0,0,1,12.2875,S,Miss,2,0,small,2,6.14375,U
481,0,3,male,9.0,5,2,46.9,S,Master,8,0,large,8,5.8625,U
482,0,2,male,30.0,0,0,0.0,S,Mr,1,1,alone,1,0.0,U
483,0,3,male,50.0,0,0,8.05,S,Mr,1,1,alone,1,8.05,U
484,1,3,female,63.0,0,0,9.5875,S,Mrs,1,1,alone,1,9.5875,U
485,1,1,male,25.0,1,0,91.0792,C,Mr,2,0,small,2,45.5396,B
486,0,3,female,21.0,3,1,25.4667,S,Miss,5,0,large,5,5.0933399999999995,U
487,1,1,female,35.0,1,0,90.0,S,Mrs,2,0,small,2,45.0,C
488,0,1,male,58.0,0,0,29.7,C,Mr,1,1,alone,1,29.7,B
489,0,3,male,30.0,0,0,8.05,S,Mr,1,1,alone,1,8.05,U
490,1,3,male,9.0,1,1,15.9,S,Master,3,0,small,3,5.3,U
491,0,3,male,30.0,1,0,19.9667,S,Mr,2,0,small,1,19.9667,U
492,0,3,male,21.0,0,0,7.25,S,Mr,1,1,alone,1,7.25,U
493,0,1,male,55.0,0,0,30.5,S,Mr,1,1,alone,1,30.5,C
494,0,1,male,71.0,0,0,49.5042,C,Mr,1,1,alone,1,49.5042,U
495,0,3,male,21.0,0,0,8.05,S,Mr,1,1,alone,1,8.05,U
496,0,3,male,30.0,0,0,14.4583,C,Mr,1,1,alone,2,7.22915,U
497,1,1,female,54.0,1,0,78.2667,C,Miss,2,0,small,2,39.13335,D
498,0,3,male,30.0,0,0,15.1,S,Mr,1,1,alone,2,7.55,U
499,0,1,female,25.0,1,2,151.55,S,Mrs,4,0,small,6,25.258333333333336,C
500,0,3,male,24.0,0,0,7.7958,S,Mr,1,1,alone,1,7.7958,U
501,0,3,male,17.0,0,0,8.6625,S,Mr,1,1,alone,1,8.6625,U
502,0,3,female,21.0,0,0,7.75,Q,Miss,1,1,alone,1,7.75,U
503,0,3,female,21.0,0,0,7.6292,Q,Miss,1,1,alone,1,7.6292,U
504,0,3,female,37.0,0,0,9.5875,S,Miss,1,1,alone,1,9.5875,U
505,1,1,female,16.0,0,0,86.5,S,Miss,1,1,alone,3,28.833333333333332,B
506,0,1,male,18.0,1,0,108.9,C,Mr,2,0,small,3,36.300000000000004,C
507,1,2,female,33.0,0,2,26.0,S,Mrs,3,0,small,3,8.666666666666666,U
508,1,1,male,30.0,0,0,26.55,S,Mr,1,1,alone,1,26.55,U
509,0,3,male,28.0,0,0,22.525,S,Mr,1,1,alone,3,7.508333333333333,U
510,1,3,male,26.0,0,0,56.4958,S,Mr,1,1,alone,8,7.061975,U
511,1,3,male,29.0,0,0,7.75,Q,Mr,1,1,alone,1,7.75,U
512,0,3,male,30.0,0,0,8.05,S,Mr,1,1,alone,1,8.05,U
513,1,1,male,36.0,0,0,26.2875,S,Mr,1,1,alone,1,26.2875,E
514,1,1,female,54.0,1,0,59.4,C,Mrs,2,0,small,2,29.7,U
515,0,3,male,24.0,0,0,7.4958,S,Mr,1,1,alone,1,7.4958,U
516,0,1,male,47.0,0,0,34.0208,S,Mr,1,1,alone,1,34.0208,D
517,1,2,female,34.0,0,0,10.5,S,Mrs,1,1,alone,1,10.5,F
518,0,3,male,30.0,0,0,24.15,Q,Mr,1,1,alone,3,8.049999999999999,U
519,1,2,female,36.0,1,0,26.0,S,Mrs,2,0,small,2,13.0,U
520,0,3,male,32.0,0,0,7.8958,S,Mr,1,1,alone,1,7.8958,U
521,1,1,female,30.0,0,0,93.5,S,Miss,1,1,alone,4,23.375,B
522,0,3,male,22.0,0,0,7.8958,S,Mr,1,1,alone,1,7.8958,U
523,0,3,male,30.0,0,0,7.225,C,Mr,1,1,alone,1,7.225,U
524,1,1,female,44.0,0,1,57.9792,C,Mrs,2,0,small,2,28.9896,B
525,0,3,male,30.0,0,0,7.2292,C,Mr,1,1,alone,1,7.2292,U
526,0,3,male,40.5,0,0,7.75,Q,Mr,1,1,alone,1,7.75,U
527,1,2,female,50.0,0,0,10.5,S,Miss,1,1,alone,1,10.5,U
528,0,1,male,30.0,0,0,221.7792,S,Mr,1,1,alone,4,55.4448,C
529,0,3,male,39.0,0,0,7.925,S,Mr,1,1,alone,1,7.925,U
530,0,2,male,23.0,2,1,11.5,S,Mr,4,0,small,1,11.5,U
531,1,2,female,2.0,1,1,26.0,S,Miss,3,0,small,3,8.666666666666666,U
532,0,3,male,30.0,0,0,7.2292,C,Mr,1,1,alone,1,7.2292,U
533,0,3,male,17.0,1,1,7.2292,C,Mr,3,0,small,1,7.2292,U
534,1,3,female,35.0,0,2,22.3583,C,Mrs,3,0,small,3,7.452766666666666,U
535,0,3,female,30.0,0,0,8.6625,S,Miss,1,1,alone,1,8.6625,U
536,1,2,female,7.0,0,2,26.25,S,Miss,3,0,small,3,8.75,U
537,0,1,male,45.0,0,0,26.55,S,Rare,1,1,alone,1,26.55,B
538,1,1,female,30.0,0,0,106.425,C,Miss,1,1,alone,3,35.475,U
539,0,3,male,30.0,0,0,14.5,S,Mr,1,1,alone,2,7.25,U
540,1,1,female,22.0,0,2,49.5,C,Miss,3,0,small,1,49.5,B
541,1,1,female,36.0,0,2,71.0,S,Miss,3,0,small,2,35.5,B
542,0,3,female,9.0,4,2,31.275,S,Miss,7,0,large,7,4.4678571428571425,U
543,0,3,female,11.0,4,2,31.275,S,Miss,7,0,large,7,4.4678571428571425,U
544,1,2,male,32.0,1,0,26.0,S,Mr,2,0,small,2,13.0,U
545,0,1,male,50.0,1,0,106.425,C,Mr,2,0,small,3,35.475,C
546,0,1,male,64.0,0,0,26.0,S,Mr,1,1,alone,1,26.0,U
547,1,2,female,19.0,1,0,26.0,S,Mrs,2,0,small,2,13.0,U
548,1,2,male,30.0,0,0,13.8625,C,Mr,1,1,alone,1,13.8625,U
549,0,3,male,33.0,1,1,20.525,S,Mr,3,0,small,3,6.841666666666666,U
550,1,2,male,8.0,1,1,36.75,S,Master,3,0,small,4,9.1875,U
551,1,1,male,17.0,0,2,110.8833,C,Mr,3,0,small,4,27.720825,C
552,0,2,male,27.0,0,0,26.0,S,Mr,1,1,alone,2,13.0,U
553,0,3,male,30.0,0,0,7.8292,Q,Mr,1,1,alone,1,7.8292,U
554,1,3,male,22.0,0,0,7.225,C,Mr,1,1,alone,1,7.225,U
555,1,3,female,22.0,0,0,7.775,S,Miss,1,1,alone,1,7.775,U
556,0,1,male,62.0,0,0,26.55,S,Mr,1,1,alone,1,26.55,U
557,1,1,female,48.0,1,0,39.6,C,Rare,2,0,small,1,39.6,A
558,0,1,male,30.0,0,0,227.525,C,Mr,1,1,alone,5,45.505,U
559,1,1,female,39.0,1,1,79.65,S,Mrs,3,0,small,3,26.55,E
560,1,3,female,36.0,1,0,17.4,S,Mrs,2,0,small,2,8.7,U
561,0,3,male,30.0,0,0,7.75,Q,Mr,1,1,alone,1,7.75,U
562,0,3,male,40.0,0,0,7.8958,S,Mr,1,1,alone,1,7.8958,U
563,0,2,male,28.0,0,0,13.5,S,Mr,1,1,alone,1,13.5,U
564,0,3,male,30.0,0,0,8.05,S,Mr,1,1,alone,1,8.05,U
565,0,3,female,21.0,0,0,8.05,S,Miss,1,1,alone,1,8.05,U
566,0,3,male,24.0,2,0,24.15,S,Mr,3,0,small,3,8.049999999999999,U
567,0,3,male,19.0,0,0,7.8958,S,Mr,1,1,alone,1,7.8958,U
568,0,3,female,29.0,0,4,21.075,S,Mrs,5,0,large,5,4.215,U
569,0,3,male,30.0,0,0,7.2292,C,Mr,1,1,alone,1,7.2292,U
570,1,3,male,32.0,0,0,7.8542,S,Mr,1,1,alone,1,7.8542,U
571,1,2,male,62.0,0,0,10.5,S,Mr,1,1,alone,1,10.5,U
572,1,1,female,53.0,2,0,51.4792,S,Mrs,3,0,small,2,25.7396,C
573,1,1,male,36.0,0,0,26.3875,S,Mr,1,1,alone,1,26.3875,E
574,1,3,female,21.0,0,0,7.75,Q,Miss,1,1,alone,1,7.75,U
575,0,3,male,16.0,0,0,8.05,S,Mr,1,1,alone,1,8.05,U
576,0,3,male,19.0,0,0,14.5,S,Mr,1,1,alone,2,7.25,U
577,1,2,female,34.0,0,0,13.0,S,Miss,1,1,alone,1,13.0,U
578,1,1,female,39.0,1,0,55.9,S,Mrs,2,0,small,2,27.95,E
579,0,3,female,35.0,1,0,14.4583,C,Mrs,2,0,small,2,7.22915,U
580,1,3,male,32.0,0,0,7.925,S,Mr,1,1,alone,1,7.925,U
581,1,2,female,25.0,1,1,30.0,S,Miss,3,0,small,2,15.0,U
582,1,1,female,39.0,1,1,110.8833,C,Mrs,3,0,small,4,27.720825,C
583,0,2,male,54.0,0,0,26.0,S,Mr,1,1,alone,2,13.0,U
584,0,1,male,36.0,0,0,40.125,C,Mr,1,1,alone,1,40.125,A
585,0,3,male,30.0,0,0,8.7125,C,Mr,1,1,alone,1,8.7125,U
586,1,1,female,18.0,0,2,79.65,S,Miss,3,0,small,3,26.55,E
587,0,2,male,47.0,0,0,15.0,S,Mr,1,1,alone,1,15.0,U
588,1,1,male,60.0,1,1,79.2,C,Mr,3,0,small,2,39.6,B
589,0,3,male,22.0,0,0,8.05,S,Mr,1,1,alone,1,8.05,U
590,0,3,male,30.0,0,0,8.05,S,Mr,1,1,alone,1,8.05,U
591,0,3,male,35.0,0,0,7.125,S,Mr,1,1,alone,1,7.125,U
592,1,1,female,52.0,1,0,78.2667,C,Mrs,2,0,small,2,39.13335,D
593,0,3,male,47.0,0,0,7.25,S,Mr,1,1,alone,1,7.25,U
594,0,3,female,21.0,0,2,7.75,Q,Miss,3,0,small,1,7.75,U
595,0,2,male,37.0,1,0,26.0,S,Mr,2,0,small,2,13.0,U
596,0,3,male,36.0,1,1,24.15,S,Mr,3,0,small,3,8.049999999999999,U
597,1,2,female,21.0,0,0,33.0,S,Miss,1,1,alone,3,11.0,U
598,0,3,male,49.0,0,0,0.0,S,Mr,1,1,alone,4,0.0,U
599,0,3,male,30.0,0,0,7.225,C,Mr,1,1,alone,1,7.225,U
600,1,1,male,49.0,1,0,56.9292,C,Rare,2,0,small,2,28.4646,A
601,1,2,female,24.0,2,1,27.0,S,Mrs,4,0,small,2,13.5,U
602,0,3,male,30.0,0,0,7.8958,S,Mr,1,1,alone,1,7.8958,U
603,0,1,male,30.0,0,0,42.4,S,Mr,1,1,alone,2,21.2,U
604,0,3,male,44.0,0,0,8.05,S,Mr,1,1,alone,1,8.05,U
605,1,1,male,35.0,0,0,26.55,C,Mr,1,1,alone,1,26.55,U
606,0,3,male,36.0,1,0,15.55,S,Mr,2,0,small,2,7.775,U
607,0,3,male,30.0,0,0,7.8958,S,Mr,1,1,alone,1,7.8958,U
608,1,1,male,27.0,0,0,30.5,S,Mr,1,1,alone,1,30.5,U
609,1,2,female,22.0,1,2,41.5792,C,Mrs,4,0,small,4,10.3948,U
610,1,1,female,40.0,0,0,153.4625,S,Miss,1,1,alone,3,51.15416666666667,C
611,0,3,female,39.0,1,5,31.275,S,Mrs,7,0,large,7,4.4678571428571425,U
612,0,3,male,30.0,0,0,7.05,S,Mr,1,1,alone,1,7.05,U
613,1,3,female,21.0,1,0,15.5,Q,Miss,2,0,small,2,7.75,U
614,0,3,male,30.0,0,0,7.75,Q,Mr,1,1,alone,1,7.75,U
615,0,3,male,35.0,0,0,8.05,S,Mr,1,1,alone,1,8.05,U
616,1,2,female,24.0,1,2,65.0,S,Miss,4,0,small,5,13.0,U
617,0,3,male,34.0,1,1,14.4,S,Mr,3,0,small,3,4.8,U
618,0,3,female,26.0,1,0,16.1,S,Mrs,2,0,small,2,8.05,U
619,1,2,female,4.0,2,1,39.0,S,Miss,4,0,small,4,9.75,F
620,0,2,male,26.0,0,0,10.5,S,Mr,1,1,alone,1,10.5,U
621,0,3,male,27.0,1,0,14.4542,C,Mr,2,0,small,2,7.2271,U
622,1,1,male,42.0,1,0,52.5542,S,Mr,2,0,small,2,26.2771,D
623,1,3,male,20.0,1,1,15.7417,C,Mr,3,0,small,3,5.247233333333333,U
624,0,3,male,21.0,0,0,7.8542,S,Mr,1,1,alone,1,7.8542,U
625,0,3,male,21.0,0,0,16.1,S,Mr,1,1,alone,2,8.05,U
626,0,1,male,61.0,0,0,32.3208,S,Mr,1,1,alone,1,32.3208,D
627,0,2,male,57.0,0,0,12.35,Q,Rare,1,1,alone,1,12.35,U
628,1,1,female,21.0,0,0,77.9583,S,Miss,1,1,alone,3,25.986099999999997,D
629,0,3,male,26.0,0,0,7.8958,S,Mr,1,1,alone,1,7.8958,U
630,0,3,male,30.0,0,0,7.7333,Q,Mr,1,1,alone,1,7.7333,U
631,1,1,male,80.0,0,0,30.0,S,Mr,1,1,alone,1,30.0,A
632,0,3,male,51.0,0,0,7.0542,S,Mr,1,1,alone,1,7.0542,U
633,1,1,male,32.0,0,0,30.5,C,Rare,1,1,alone,1,30.5,B
634,0,1,male,30.0,0,0,0.0,S,Mr,1,1,alone,1,0.0,U
635,0,3,female,9.0,3,2,27.9,S,Miss,6,0,large,6,4.6499999999999995,U
636,1,2,female,28.0,0,0,13.0,S,Miss,1,1,alone,1,13.0,U
637,0,3,male,32.0,0,0,7.925,S,Mr,1,1,alone,1,7.925,U
638,0,2,male,31.0,1,1,26.25,S,Mr,3,0,small,3,8.75,U
639,0,3,female,41.0,0,5,39.6875,S,Mrs,6,0,large,7,5.669642857142857,U
640,0,3,male,30.0,1,0,16.1,S,Mr,2,0,small,2,8.05,U
641,0,3,male,20.0,0,0,7.8542,S,Mr,1,1,alone,1,7.8542,U
642,1,1,female,24.0,0,0,69.3,C,Miss,1,1,alone,2,34.65,B
643,0,3,female,2.0,3,2,27.9,S,Miss,6,0,large,6,4.6499999999999995,U
644,1,3,male,30.0,0,0,56.4958,S,Mr,1,1,alone,8,7.061975,U
645,1,3,female,0.75,2,1,19.2583,C,Miss,4,0,small,4,4.814575,U
646,1,1,male,48.0,1,0,76.7292,C,Mr,2,0,small,3,25.576400000000003,D
647,0,3,male,19.0,0,0,7.8958,S,Mr,1,1,alone,1,7.8958,U
648,1,1,male,56.0,0,0,35.5,C,Rare,1,1,alone,1,35.5,A
649,0,3,male,30.0,0,0,7.55,S,Mr,1,1,alone,1,7.55,U
650,1,3,female,23.0,0,0,7.55,S,Miss,1,1,alone,1,7.55,U
651,0,3,male,30.0,0,0,7.8958,S,Mr,1,1,alone,1,7.8958,U
652,1,2,female,18.0,0,1,23.0,S,Miss,2,0,small,2,11.5,U
653,0,3,male,21.0,0,0,8.4333,S,Mr,1,1,alone,1,8.4333,U
654,1,3,female,21.0,0,0,7.8292,Q,Miss,1,1,alone,1,7.8292,U
655,0,3,female,18.0,0,0,6.75,Q,Miss,1,1,alone,1,6.75,U
656,0,2,male,24.0,2,0,73.5,S,Mr,3,0,small,7,10.5,U
657,0,3,male,30.0,0,0,7.8958,S,Mr,1,1,alone,1,7.8958,U
658,0,3,female,32.0,1,1,15.5,Q,Mrs,3,0,small,2,7.75,U
659,0,2,male,23.0,0,0,13.0,S,Mr,1,1,alone,1,13.0,U
660,0,1,male,58.0,0,2,113.275,C,Mr,3,0,small,3,37.75833333333333,D
661,1,1,male,50.0,2,0,133.65,S,Rare,3,0,small,2,66.825,U
662,0,3,male,40.0,0,0,7.225,C,Mr,1,1,alone,1,7.225,U
663,0,1,male,47.0,0,0,25.5875,S,Mr,1,1,alone,1,25.5875,E
664,0,3,male,36.0,0,0,7.4958,S,Mr,1,1,alone,1,7.4958,U
665,1,3,male,20.0,1,0,7.925,S,Mr,2,0,small,1,7.925,U
666,0,2,male,32.0,2,0,73.5,S,Mr,3,0,small,7,10.5,U
667,0,2,male,25.0,0,0,13.0,S,Mr,1,1,alone,1,13.0,U
668,0,3,male,30.0,0,0,7.775,S,Mr,1,1,alone,1,7.775,U
669,0,3,male,43.0,0,0,8.05,S,Mr,1,1,alone,1,8.05,U
670,1,1,female,35.0,1,0,52.0,S,Mrs,2,0,small,2,26.0,C
671,1,2,female,40.0,1,1,39.0,S,Mrs,3,0,small,3,13.0,U
672,0,1,male,31.0,1,0,52.0,S,Mr,2,0,small,2,26.0,B
673,0,2,male,70.0,0,0,10.5,S,Mr,1,1,alone,1,10.5,U
674,1,2,male,31.0,0,0,13.0,S,Mr,1,1,alone,1,13.0,U
675,0,2,male,30.0,0,0,0.0,S,Mr,1,1,alone,1,0.0,U
676,0,3,male,18.0,0,0,7.775,S,Mr,1,1,alone,1,7.775,U
677,0,3,male,24.5,0,0,8.05,S,Mr,1,1,alone,1,8.05,U
678,1,3,female,18.0,0,0,9.8417,S,Miss,1,1,alone,1,9.8417,U
679,0,3,female,43.0,1,6,46.9,S,Mrs,8,0,large,8,5.8625,U
680,1,1,male,36.0,0,1,512.3292,C,Mr,2,0,small,4,128.0823,B
681,0,3,female,21.0,0,0,8.1375,Q,Miss,1,1,alone,1,8.1375,U
682,1,1,male,27.0,0,0,76.7292,C,Mr,1,1,alone,3,25.576400000000003,D
683,0,3,male,20.0,0,0,9.225,S,Mr,1,1,alone,1,9.225,U
684,0,3,male,14.0,5,2,46.9,S,Mr,8,0,large,8,5.8625,U
685,0,2,male,60.0,1,1,39.0,S,Mr,3,0,small,3,13.0,U
686,0,2,male,25.0,1,2,41.5792,C,Mr,4,0,small,4,10.3948,U
687,0,3,male,14.0,4,1,39.6875,S,Mr,6,0,large,7,5.669642857142857,U
688,0,3,male,19.0,0,0,10.1708,S,Mr,1,1,alone,1,10.1708,U
689,0,3,male,18.0,0,0,7.7958,S,Mr,1,1,alone,1,7.7958,U
690,1,1,female,15.0,0,1,211.3375,S,Miss,2,0,small,4,52.834375,B
691,1,1,male,31.0,1,0,57.0,S,Mr,2,0,small,2,28.5,B
692,1,3,female,4.0,0,1,13.4167,C,Miss,2,0,small,2,6.70835,U
693,1,3,male,30.0,0,0,56.4958,S,Mr,1,1,alone,8,7.061975,U
694,0,3,male,25.0,0,0,7.225,C,Mr,1,1,alone,1,7.225,U
695,0,1,male,60.0,0,0,26.55,S,Rare,1,1,alone,1,26.55,U
696,0,2,male,52.0,0,0,13.5,S,Mr,1,1,alone,1,13.5,U
697,0,3,male,44.0,0,0,8.05,S,Mr,1,1,alone,1,8.05,U
698,1,3,female,21.0,0,0,7.7333,Q,Miss,1,1,alone,1,7.7333,U
699,0,1,male,49.0,1,1,110.8833,C,Mr,3,0,small,4,27.720825,C
700,0,3,male,42.0,0,0,7.65,S,Mr,1,1,alone,1,7.65,F
701,1,1,female,18.0,1,0,227.525,C,Mrs,2,0,small,5,45.505,C
702,1,1,male,35.0,0,0,26.2875,S,Mr,1,1,alone,1,26.2875,E
703,0,3,female,18.0,0,1,14.4542,C,Miss,2,0,small,2,7.2271,U
704,0,3,male,25.0,0,0,7.7417,Q,Mr,1,1,alone,1,7.7417,U
705,0,3,male,26.0,1,0,7.8542,S,Mr,2,0,small,1,7.8542,U
706,0,2,male,39.0,0,0,26.0,S,Mr,1,1,alone,2,13.0,U
707,1,2,female,45.0,0,0,13.5,S,Mrs,1,1,alone,1,13.5,U
708,1,1,male,42.0,0,0,26.2875,S,Mr,1,1,alone,1,26.2875,E
709,1,1,female,22.0,0,0,151.55,S,Miss,1,1,alone,6,25.258333333333336,U
710,1,3,male,3.5,1,1,15.2458,C,Master,3,0,small,3,5.081933333333333,U
711,1,1,female,24.0,0,0,49.5042,C,Miss,1,1,alone,1,49.5042,C
712,0,1,male,30.0,0,0,26.55,S,Mr,1,1,alone,1,26.55,C
713,1,1,male,48.0,1,0,52.0,S,Mr,2,0,small,2,26.0,C
714,0,3,male,29.0,0,0,9.4833,S,Mr,1,1,alone,1,9.4833,U
715,0,2,male,52.0,0,0,13.0,S,Mr,1,1,alone,2,6.5,U
716,0,3,male,19.0,0,0,7.65,S,Mr,1,1,alone,1,7.65,F
717,1,1,female,38.0,0,0,227.525,C,Miss,1,1,alone,5,45.505,C
718,1,2,female,27.0,0,0,10.5,S,Miss,1,1,alone,1,10.5,E
719,0,3,male,30.0,0,0,15.5,Q,Mr,1,1,alone,2,7.75,U
720,0,3,male,33.0,0,0,7.775,S,Mr,1,1,alone,1,7.775,U
721,1,2,female,6.0,0,1,33.0,S,Miss,2,0,small,3,11.0,U
722,0,3,male,17.0,1,0,7.0542,S,Mr,2,0,small,1,7.0542,U
723,0,2,male,34.0,0,0,13.0,S,Mr,1,1,alone,1,13.0,U
724,0,2,male,50.0,0,0,13.0,S,Mr,1,1,alone,1,13.0,U
725,1,1,male,27.0,1,0,53.1,S,Mr,2,0,small,2,26.55,E
726,0,3,male,20.0,0,0,8.6625,S,Mr,1,1,alone,1,8.6625,U
727,1,2,female,30.0,3,0,21.0,S,Mrs,4,0,small,2,10.5,U
728,1,3,female,21.0,0,0,7.7375,Q,Miss,1,1,alone,1,7.7375,U
729,0,2,male,25.0,1,0,26.0,S,Mr,2,0,small,2,13.0,U
730,0,3,female,25.0,1,0,7.925,S,Miss,2,0,small,1,7.925,U
731,1,1,female,29.0,0,0,211.3375,S,Miss,1,1,alone,4,52.834375,B
732,0,3,male,11.0,0,0,18.7875,C,Mr,1,1,alone,2,9.39375,U
733,0,2,male,30.0,0,0,0.0,S,Mr,1,1,alone,1,0.0,U
734,0,2,male,23.0,0,0,13.0,S,Mr,1,1,alone,1,13.0,U
735,0,2,male,23.0,0,0,13.0,S,Mr,1,1,alone,1,13.0,U
736,0,3,male,28.5,0,0,16.1,S,Mr,1,1,alone,2,8.05,U
737,0,3,female,48.0,1,3,34.375,S,Mrs,5,0,large,5,6.875,U
738,1,1,male,35.0,0,0,512.3292,C,Mr,1,1,alone,4,128.0823,B
739,0,3,male,30.0,0,0,7.8958,S,Mr,1,1,alone,1,7.8958,U
740,0,3,male,30.0,0,0,7.8958,S,Mr,1,1,alone,1,7.8958,U
741,1,1,male,30.0,0,0,30.0,S,Mr,1,1,alone,1,30.0,D
742,0,1,male,36.0,1,0,78.85,S,Mr,2,0,small,3,26.28333333333333,C
743,1,1,female,21.0,2,2,262.375,C,Miss,5,0,large,7,37.482142857142854,B
744,0,3,male,24.0,1,0,16.1,S,Mr,2,0,small,2,8.05,U
745,1,3,male,31.0,0,0,7.925,S,Mr,1,1,alone,1,7.925,U
746,0,1,male,70.0,1,1,71.0,S,Rare,3,0,small,2,35.5,B
747,0,3,male,16.0,1,1,20.25,S,Mr,3,0,small,3,6.75,U
748,1,2,female,30.0,0,0,13.0,S,Miss,1,1,alone,1,13.0,U
749,0,1,male,19.0,1,0,53.1,S,Mr,2,0,small,2,26.55,D
750,0,3,male,31.0,0,0,7.75,Q,Mr,1,1,alone,1,7.75,U
751,1,2,female,4.0,1,1,23.0,S,Miss,3,0,small,3,7.666666666666667,U
752,1,3,male,6.0,0,1,12.475,S,Master,2,0,small,2,6.2375,E
753,0,3,male,33.0,0,0,9.5,S,Mr,1,1,alone,1,9.5,U
754,0,3,male,23.0,0,0,7.8958,S,Mr,1,1,alone,1,7.8958,U
755,1,2,female,48.0,1,2,65.0,S,Mrs,4,0,small,5,13.0,U
756,1,2,male,0.67,1,1,14.5,S,Master,3,0,small,2,7.25,U
757,0,3,male,28.0,0,0,7.7958,S,Mr,1,1,alone,1,7.7958,U
758,0,2,male,18.0,0,0,11.5,S,Mr,1,1,alone,1,11.5,U
759,0,3,male,34.0,0,0,8.05,S,Mr,1,1,alone,1,8.05,U
760,1,1,female,33.0,0,0,86.5,S,Rare,1,1,alone,3,28.833333333333332,B
761,0,3,male,30.0,0,0,14.5,S,Mr,1,1,alone,2,7.25,U
762,0,3,male,41.0,0,0,7.125,S,Mr,1,1,alone,1,7.125,U
763,1,3,male,20.0,0,0,7.2292,C,Mr,1,1,alone,1,7.2292,U
764,1,1,female,36.0,1,2,120.0,S,Mrs,4,0,small,4,30.0,B
765,0,3,male,16.0,0,0,7.775,S,Mr,1,1,alone,1,7.775,U
766,1,1,female,51.0,1,0,77.9583,S,Mrs,2,0,small,3,25.986099999999997,D
767,0,1,male,48.5,0,0,39.6,C,Rare,1,1,alone,1,39.6,U
768,0,3,female,30.5,0,0,7.75,Q,Miss,1,1,alone,1,7.75,U
769,0,3,male,30.0,1,0,24.15,Q,Mr,2,0,small,3,8.049999999999999,U
770,0,3,male,32.0,0,0,8.3625,S,Mr,1,1,alone,1,8.3625,U
771,0,3,male,24.0,0,0,9.5,S,Mr,1,1,alone,1,9.5,U
772,0,3,male,48.0,0,0,7.8542,S,Mr,1,1,alone,1,7.8542,U
773,0,2,female,57.0,0,0,10.5,S,Mrs,1,1,alone,2,5.25,E
774,0,3,male,30.0,0,0,7.225,C,Mr,1,1,alone,1,7.225,U
775,1,2,female,54.0,1,3,23.0,S,Mrs,5,0,large,2,11.5,U
776,0,3,male,18.0,0,0,7.75,S,Mr,1,1,alone,1,7.75,U
777,0,3,male,30.0,0,0,7.75,Q,Mr,1,1,alone,1,7.75,F
778,1,3,female,5.0,0,0,12.475,S,Miss,1,1,alone,2,6.2375,U
779,0,3,male,30.0,0,0,7.7375,Q,Mr,1,1,alone,1,7.7375,U
780,1,1,female,43.0,0,1,211.3375,S,Mrs,2,0,small,4,52.834375,B
781,1,3,female,13.0,0,0,7.2292,C,Miss,1,1,alone,1,7.2292,U
782,1,1,female,17.0,1,0,57.0,S,Mrs,2,0,small,2,28.5,B
783,0,1,male,29.0,0,0,30.0,S,Mr,1,1,alone,1,30.0,D
784,0,3,male,30.0,1,2,23.45,S,Mr,4,0,small,4,5.8625,U
785,0,3,male,25.0,0,0,7.05,S,Mr,1,1,alone,1,7.05,U
786,0,3,male,25.0,0,0,7.25,S,Mr,1,1,alone,1,7.25,U
787,1,3,female,18.0,0,0,7.4958,S,Miss,1,1,alone,1,7.4958,U
788,0,3,male,8.0,4,1,29.125,Q,Master,6,0,large,6,4.854166666666667,U
789,1,3,male,1.0,1,2,20.575,S,Master,4,0,small,4,5.14375,U
790,0,1,male,46.0,0,0,79.2,C,Mr,1,1,alone,2,39.6,B
791,0,3,male,30.0,0,0,7.75,Q,Mr,1,1,alone,1,7.75,U
792,0,2,male,16.0,0,0,26.0,S,Mr,1,1,alone,2,13.0,U
793,0,3,female,21.0,8,2,69.55,S,Miss,11,0,large,11,6.322727272727272,U
794,0,1,male,30.0,0,0,30.6958,C,Mr,1,1,alone,1,30.6958,U
795,0,3,male,25.0,0,0,7.8958,S,Mr,1,1,alone,1,7.8958,U
796,0,2,male,39.0,0,0,13.0,S,Mr,1,1,alone,1,13.0,U
797,1,1,female,49.0,0,0,25.9292,S,Rare,1,1,alone,1,25.9292,D
798,1,3,female,31.0,0,0,8.6833,S,Mrs,1,1,alone,1,8.6833,U
799,0,3,male,30.0,0,0,7.2292,C,Mr,1,1,alone,1,7.2292,U
800,0,3,female,30.0,1,1,24.15,S,Mrs,3,0,small,3,8.049999999999999,U
801,0,2,male,34.0,0,0,13.0,S,Mr,1,1,alone,2,6.5,U
802,1,2,female,31.0,1,1,26.25,S,Mrs,3,0,small,3,8.75,U
803,1,1,male,11.0,1,2,120.0,S,Master,4,0,small,4,30.0,B
804,1,3,male,0.42,0,1,8.5167,C,Master,2,0,small,2,4.25835,U
805,1,3,male,27.0,0,0,6.975,S,Mr,1,1,alone,1,6.975,U
806,0,3,male,31.0,0,0,7.775,S,Mr,1,1,alone,1,7.775,U
807,0,1,male,39.0,0,0,0.0,S,Mr,1,1,alone,1,0.0,A
808,0,3,female,18.0,0,0,7.775,S,Miss,1,1,alone,1,7.775,U
809,0,2,male,39.0,0,0,13.0,S,Mr,1,1,alone,1,13.0,U
810,1,1,female,33.0,1,0,53.1,S,Mrs,2,0,small,2,26.55,E
811,0,3,male,26.0,0,0,7.8875,S,Mr,1,1,alone,1,7.8875,U
812,0,3,male,39.0,0,0,24.15,S,Mr,1,1,alone,3,8.049999999999999,U
813,0,2,male,35.0,0,0,10.5,S,Mr,1,1,alone,1,10.5,U
814,0,3,female,6.0,4,2,31.275,S,Miss,7,0,large,7,4.4678571428571425,U
815,0,3,male,30.5,0,0,8.05,S,Mr,1,1,alone,1,8.05,U
816,0,1,male,30.0,0,0,0.0,S,Mr,1,1,alone,2,0.0,B
817,0,3,female,23.0,0,0,7.925,S,Miss,1,1,alone,1,7.925,U
818,0,2,male,31.0,1,1,37.0042,C,Mr,3,0,small,3,12.334733333333332,U
819,0,3,male,43.0,0,0,6.45,S,Mr,1,1,alone,1,6.45,U
820,0,3,male,10.0,3,2,27.9,S,Master,6,0,large,6,4.6499999999999995,U
821,1,1,female,52.0,1,1,93.5,S,Mrs,3,0,small,4,23.375,B
822,1,3,male,27.0,0,0,8.6625,S,Mr,1,1,alone,1,8.6625,U
823,0,1,male,38.0,0,0,0.0,S,Rare,1,1,alone,1,0.0,U
824,1,3,female,27.0,0,1,12.475,S,Mrs,2,0,small,2,6.2375,E
825,0,3,male,2.0,4,1,39.6875,S,Master,6,0,large,7,5.669642857142857,U
826,0,3,male,30.0,0,0,6.95,Q,Mr,1,1,alone,1,6.95,U
827,0,3,male,30.0,0,0,56.4958,S,Mr,1,1,alone,8,7.061975,U
828,1,2,male,1.0,0,2,37.0042,C,Master,3,0,small,3,12.334733333333332,U
829,1,3,male,30.0,0,0,7.75,Q,Mr,1,1,alone,1,7.75,U
830,1,1,female,62.0,0,0,80.0,S,Mrs,1,1,alone,2,40.0,B
831,1,3,female,15.0,1,0,14.4542,C,Mrs,2,0,small,2,7.2271,U
832,1,2,male,0.83,1,1,18.75,S,Master,3,0,small,3,6.25,U
833,0,3,male,30.0,0,0,7.2292,C,Mr,1,1,alone,1,7.2292,U
834,0,3,male,23.0,0,0,7.8542,S,Mr,1,1,alone,1,7.8542,U
835,0,3,male,18.0,0,0,8.3,S,Mr,1,1,alone,1,8.3,U
836,1,1,female,39.0,1,1,83.1583,C,Miss,3,0,small,3,27.71943333333333,E
837,0,3,male,21.0,0,0,8.6625,S,Mr,1,1,alone,1,8.6625,U
838,0,3,male,30.0,0,0,8.05,S,Mr,1,1,alone,1,8.05,U
839,1,3,male,32.0,0,0,56.4958,S,Mr,1,1,alone,8,7.061975,U
840,1,1,male,30.0,0,0,29.7,C,Mr,1,1,alone,1,29.7,C
841,0,3,male,20.0,0,0,7.925,S,Mr,1,1,alone,1,7.925,U
842,0,2,male,16.0,0,0,10.5,S,Mr,1,1,alone,2,5.25,U
843,1,1,female,30.0,0,0,31.0,C,Miss,1,1,alone,2,15.5,U
844,0,3,male,34.5,0,0,6.4375,C,Mr,1,1,alone,1,6.4375,U
845,0,3,male,17.0,0,0,8.6625,S,Mr,1,1,alone,1,8.6625,U
846,0,3,male,42.0,0,0,7.55,S,Mr,1,1,alone,1,7.55,U
847,0,3,male,30.0,8,2,69.55,S,Mr,11,0,large,11,6.322727272727272,U
848,0,3,male,35.0,0,0,7.8958,C,Mr,1,1,alone,1,7.8958,U
849,0,2,male,28.0,0,1,33.0,S,Rare,2,0,small,3,11.0,U
850,1,1,female,35.0,1,0,89.1042,C,Mrs,2,0,small,2,44.5521,C
851,0,3,male,4.0,4,2,31.275,S,Master,7,0,large,7,4.4678571428571425,U
852,0,3,male,74.0,0,0,7.775,S,Mr,1,1,alone,1,7.775,U
853,0,3,female,9.0,1,1,15.2458,C,Miss,3,0,small,3,5.081933333333333,U
854,1,1,female,16.0,0,1,39.4,S,Miss,2,0,small,2,19.7,D
855,0,2,female,44.0,1,0,26.0,S,Mrs,2,0,small,2,13.0,U
856,1,3,female,18.0,0,1,9.35,S,Mrs,2,0,small,2,4.675,U
857,1,1,female,45.0,1,1,164.8667,S,Mrs,3,0,small,4,41.216675,U
858,1,1,male,51.0,0,0,26.55,S,Mr,1,1,alone,1,26.55,E
859,1,3,female,24.0,0,3,19.2583,C,Mrs,4,0,small,4,4.814575,U
860,0,3,male,30.0,0,0,7.2292,C,Mr,1,1,alone,1,7.2292,U
861,0,3,male,41.0,2,0,14.1083,S,Mr,3,0,small,2,7.05415,U
862,0,2,male,21.0,1,0,11.5,S,Mr,2,0,small,1,11.5,U
863,1,1,female,48.0,0,0,25.9292,S,Mrs,1,1,alone,1,25.9292,D
864,0,3,female,21.0,8,2,69.55,S,Miss,11,0,large,11,6.322727272727272,U
865,0,2,male,24.0,0,0,13.0,S,Mr,1,1,alone,1,13.0,U
866,1,2,female,42.0,0,0,13.0,S,Mrs,1,1,alone,1,13.0,U
867,1,2,female,27.0,1,0,13.8583,C,Miss,2,0,small,1,13.8583,U
868,0,1,male,31.0,0,0,50.4958,S,Mr,1,1,alone,1,50.4958,A
869,0,3,male,30.0,0,0,9.5,S,Mr,1,1,alone,1,9.5,U
870,1,3,male,4.0,1,1,11.1333,S,Master,3,0,small,3,3.7111,U
871,0,3,male,26.0,0,0,7.8958,S,Mr,1,1,alone,1,7.8958,U
872,1,1,female,47.0,1,1,52.5542,S,Mrs,3,0,small,2,26.2771,D
873,0,1,male,33.0,0,0,5.0,S,Mr,1,1,alone,1,5.0,B
874,0,3,male,47.0,0,0,9.0,S,Mr,1,1,alone,1,9.0,U
875,1,2,female,28.0,1,0,24.0,C,Mrs,2,0,small,2,12.0,U
876,1,3,female,15.0,0,0,7.225,C,Miss,1,1,alone,1,7.225,U
877,0,3,male,20.0,0,0,9.8458,S,Mr,1,1,alone,2,4.9229,U
878,0,3,male,19.0,0,0,7.8958,S,Mr,1,1,alone,1,7.8958,U
879,0,3,male,30.0,0,0,7.8958,S,Mr,1,1,alone,1,7.8958,U
880,1,1,female,56.0,0,1,83.1583,C,Mrs,2,0,small,3,27.71943333333333,C
881,1,2,female,25.0,0,1,26.0,S,Mrs,2,0,small,2,13.0,U
882,0,3,male,33.0,0,0,7.8958,S,Mr,1,1,alone,1,7.8958,U
883,0,3,female,22.0,0,0,10.5167,S,Miss,1,1,alone,1,10.5167,U
884,0,2,male,28.0,0,0,10.5,S,Mr,1,1,alone,1,10.5,U
885,0,3,male,25.0,0,0,7.05,S,Mr,1,1,alone,1,7.05,U
886,0,3,female,39.0,0,5,29.125,Q,Mrs,6,0,large,6,4.854166666666667,U
887,0,2,male,27.0,0,0,13.0,S,Rare,1,1,alone,1,13.0,U
888,1,1,female,19.0,0,0,30.0,S,Miss,1,1,alone,1,30.0,B
889,0,3,female,21.0,1,2,23.45,S,Miss,4,0,small,4,5.8625,U
890,1,1,male,26.0,0,0,30.0,C,Mr,1,1,alone,1,30.0,C
891,0,3,male,32.0,0,0,7.75,Q,Mr,1,1,alone,1,7.75,U
